{
  "age": [
    0,
    87.0
  ],
  "bmi": [
    13.674999999999994,
    47.31500000000001
  ],
  "children": [
    0,
    5.0
  ],
  "charges": [
    0,
    34524.777625
  ]
}